Артикул,Назва,Рівне,Юбік,База,Ціна,ОЕ
15223.0,Audi A4 2017 Бампер передній S-line,15.0, ,91.16,,
15230.0,Audi A4 2017 Дифузор 2.0,5.0, ,142.36,,
15229.0,Audi A4 2017 Заглушка бампера,15.0, ,2.88,,
15228.0,Audi A4 2017 Захист бампера S-line,16.0, ,16.16,,
15287.0,Audi A4 2017 Накладка туманки S-line глуха L,10.0, ,22.0,,
15288.0,Audi A4 2017 Накладка туманки S-line глуха R,10.0, ,22.0,,
15232.0,Audi A4 2017 Накладка туманки Sport L,30.0, ,24.08,,
15233.0,Audi A4 2017 Накладка туманки Sport R,30.0, ,24.08,,
15227.0,Audi A4 2017 Решітка бампера S-line,15.0, ,11.04,,
15224.0,Audi A4 2017 Решітка радіатора S-line,10.0, ,110.36,,
15231.0,Audi A4 2017 Решітка радіатора S4 BLACK,22.0, ,123.16,,
15221.0,Audi A4 2017 Фара ліва Xenon,3.0, ,147.32,,
15213.0,Audi A4 2017 Фара ліва лед з блоком,20.0, ,180.75,,
15222.0,Audi A4 2017 Фара права Xenon,3.0, ,147.32,,
15214.0,Audi A4 2017 Фара права лед з блоком,20.0, ,180.75,,
15291.0,Audi A4 2021 Бампер передній,10.0, ,78.36,,
15296.0,Audi A4 2021 Губа бампера,10.0, ,7.84,,
15295.0,Audi A4 2021 Захист бампера,10.0, ,16.8,,
15297.0,Audi A4 2021 Кріплення решітки,10.0, ,11.68,,
15292.0,Audi A4 2021 Накладка бампера L,10.0, ,15.76,,
15293.0,Audi A4 2021 Накладка бампера R,10.0, ,15.76,,
15294.0,Audi A4 2021 Нижня решітка,10.0, ,11.68,,
15290.0,Audi A4 2021 Решітка радіатора,10.0, ,78.36,,
15236.0,Audi A4 2021 Решітка радіатора S-line,3.0, ,148.96,,
15234.0,Audi A4 2021 Фара LED L,17.0, ,251.14,,
15235.0,Audi A4 2021 Фара LED R,17.0, ,251.14,,
15318.0,Audi A6 C7 2016 Фара L,10.0, ,161.56,,
15319.0,Audi A6 C7 2016 Фара R,10.0, ,161.56,,
15309.0,Audi Q3 2017 Бампер передній,5.0, ,78.36,,
15312.0,Audi Q3 2017 Губа бампера,5.0, ,21.52,,
15314.0,Audi Q3 2017 Захист бампера,5.0, ,35.98,,
15310.0,Audi Q3 2017 Накладка туманки L,5.0, ,11.92,,
15311.0,Audi Q3 2017 Накладка туманки R,5.0, ,11.92,,
15315.0,Audi Q3 2017 Решітка нижня,5.0, ,39.82,,
15308.0,Audi Q3 2017 Решітка радіатора,10.0, ,78.36,,
15313.0,Audi Q3 2017 Спойлер бампера,5.0, ,25.36,,
15306.0,Audi Q3 2017 Фара L,10.0, ,187.15,,
15307.0,Audi Q3 2017 Фара R,10.0, ,187.15,,
15241.0,Audi Q5 2012 Бампер передній,14.0, ,55.32,,
15244.0,Audi Q5 2012 Губа переднього бампера,14.0, ,14.88,,
15245.0,Audi Q5 2012 Кріплення решітки радіатора,14.0, ,11.04,,
15242.0,Audi Q5 2012 Накладка туманки L,13.0, ,21.52,,
15299.0,Audi Q5 2012 Накладка туманки L проста,5.0, ,10.64,,
15243.0,Audi Q5 2012 Накладка туманки R,13.0, ,21.52,,
15300.0,Audi Q5 2012 Накладка туманки R проста,5.0, ,10.64,,
15298.0,Audi Q5 2012 Решітка радіатора,5.0, ,91.16,,
15238.0,Audi Q5 2012 Решітка радіатора S-line,16.0, ,116.76,,
15239.0,Audi Q5 2012 Фара L,27.0, ,148.76,,
15240.0,Audi Q5 2012 Фара R,27.0, ,148.76,,
14350.0,Audi Q5 2012 капот,5.0, ,259.11,580,8R0823029
15256.0,Audi Q5 2019 Бампер передній S-line L,20.0, ,37.95,,
15257.0,Audi Q5 2019 Бампер передній S-line R,20.0, ,37.95,,
15261.0,Audi Q5 2019 Губа переднього бампера,20.0, ,54.68,,
15260.0,Audi Q5 2019 Захист бампера S-line,23.0, ,23.18,,
15265.0,Audi Q5 2019 Капот,10.0, ,265.51,,
15320.0,Audi Q5 2019 Накладка туманки L під радар,10.0, ,45.83,,
15321.0,Audi Q5 2019 Накладка туманки R під радар,10.0, ,45.83,,
15254.0,Audi Q5 2019 Накладка туманки S-line L,15.0, ,17.68,,
15255.0,Audi Q5 2019 Накладка туманки S-line R,15.0, ,17.68,,
15264.0,Audi Q5 2019 Планка бампера низ,20.0, ,12.32,,
15263.0,Audi Q5 2019 Решітка бампера S-line,20.0, ,31.51,,
15252.0,Audi Q5 2019 Решітка радіатора,25.0, ,103.96,,
15253.0,Audi Q5 2019 Решітка радіатора S-line,7.0, ,148.76,,
15262.0,Audi Q5 2019 Телевізор,12.0, ,67.98,,
15258.0,Audi Q5 2019 Фара Full LED L,20.0, ,251.14,,
15259.0,Audi Q5 2019 Фара Full LED R,20.0, ,251.14,,
15266.0,Audi Q5 2020-2022 Фара Full LED L,14.0, ,315.14,,
15267.0,Audi Q5 2020-2022 Фара Full LED R,14.0, ,315.14,,
14321.0,Audi Q7 2010 противотуманка левая,1.0, ,13.61,25,4L0941699A
15246.0,BMW 3 2019 Фара Full LED Eur L,4.0, ,306.72,,
15247.0,BMW 3 2019 Фара Full LED Eur R,4.0, ,306.72,,
15305.0,BMW X3 G01 Бампер передній в зборі,15.0, ,212.75,,
15304.0,BMW X3 G01 Кріплення решітки,5.0, ,55.18,,
15303.0,BMW X3 G01 Решітка радіатора,5.0, ,48.78,,
15301.0,BMW X3 G01 Фара L,10.0, ,340.74,,
15302.0,BMW X3 G01 Фара R,10.0, ,340.74,,
14060.0,Chevorlet Malibu 2017 Кронштейн бампера задний наруж. Левый,1.0, ,5.5,7,84047939
14061.0,Chevorlet Malibu 2017 Кронштейн бампера задний наруж. Правый,2.0, ,5.5,7,84047940
14057.0,Chevorlet Malibu 2017 Кронштейн бампера задний центральный,2.0, ,11.0,17,22976466
14533.0,Dodge Journey 2010 накладка противотуманки левая,1.0, ,3.81,12,5178285AB
14534.0,Dodge Journey 2010 накладка противотуманки правая,1.0, ,3.81,12,5178284AB
14532.0,Dodge Journey 2010 решетка бампера нижняя,1.0, ,6.35,17,5178282AA
14857.0,Dodge Journey 2014 Бампер задний 3.6,7.0, ,59.0,80,1TY37TZZAA
14859.0,Dodge Journey 2014 Бампер задний низ,6.0, ,56.0,56,68223789AC
14860.0,Dodge Journey 2014 Бампер передний,3.0, ,59.0,90,5YB55TZZAB
14863.0,Dodge Journey 2014 Бампер передний нижняя часть,8.0, ,54.0,80,68088688AB
14864.0,Dodge Journey 2014 Губа переднего бампера SILVER,11.0, ,28.0,35,55001049AA
14865.0,Dodge Journey 2014 Заглушка буксировочного отверстия,27.0, ,4.0,10,5ra07tzzac
14868.0,Dodge Journey 2014 Кронштейн переднего бампера L,1.0, ,4.0,8,5178411AD
14837.0,Dodge Journey 2014 Крыло левое,8.0, ,50.0,55,5076731AD
14870.0,Dodge Journey 2014 Накладка туманки левая,4.0, ,6.0,10,68088687AB
14871.0,Dodge Journey 2014 Накладка туманки правая,6.0, ,6.0,10,68088686AB
14872.0,Dodge Journey 2014 Противотуманка левая,6.0, ,16.0,23,5182026AA
14873.0,Dodge Journey 2014 Противотуманка правая,1.0, ,16.0,23,5182026AA
14874.0,Dodge Journey 2014 Расширительный бачок,8.0, ,18.0,32,5058455AD
14876.0,Dodge Journey 2014 Решетка переднего бампера Crossroad,2.0, ,59.0,90,5NB56TZZAA
14877.0,Dodge Journey 2014 Решетка переднего бампера хром,12.0, ,59.0,90,1SU84SZ0AC
14839.0,Dodge Journey 2014 Усилитель переднего бампера,1.0, ,112.0,130,5116280AD
14879.0,Dodge Journey 2014 Фара левая USA белая,19.0, ,71.0,74,5116289AB
14881.0,Dodge Journey 2014 Фара правая USA белая,17.0, ,71.0,74,5116288AD
14882.0,Dodge Journey 2014 Фонарь BLACK,6.0, ,71.0,74,
14883.0,Dodge Journey 2014 Фонарь крышки багажника левый,5.0, ,52.0,52,68078517AE
14884.0,Dodge Journey 2014 Фонарь крышки багажника правый,4.0, ,52.0,52,68078517AE
14885.0,Dodge Journey 2014 Фонарь левый,2.0, ,67.0,78,68078465AD
14886.0,Dodge Journey 2014 Фонарь правый,1.0, ,67.0,78,68078464AD
15324.0,Ford Escape 2022 Фара USA L,10.0, ,238.35,,
15325.0,Ford Escape 2022 Фара USA R,10.0, ,238.35,,
13607.0,Honda Accord 2018 Бампер передний,4.0, ,28.0,65,04711TVAA00ZZ
14822.0,Honda Accord 2018 Кронштейн фары левый,1.0, ,5.0,10,71190TVAA00
14820.0,Honda Accord 2018 Фонарь крышки багажника левый,3.0, ,89.0,125,34155-TVA-A01
14821.0,Honda Accord 2018 Фонарь крышки багажника правый,4.0, ,89.0,125,34150-TVA-A01
14818.0,Honda Accord 2018 Фонарь левый,1.0, ,111.0,135,33550TVAA01
14819.0,Honda Accord 2018 Фонарь правый,3.0, ,111.0,135,33500TVAA01
14748.0,Honda Accord 2018 вставка под выхлоп левая,19.0, ,53.0,,
14178.0,Honda Accord 2018 крепление брекет накладки молдинга капота,1.0, ,20.0,40,71112-TVA-H0
14826.0,Honda Accord 2018 кронштейн выхлопной левый,7.0, ,5.0,12,
14827.0,Honda Accord 2018 кронштейн выхлопной правый,9.0, ,5.0,12,
14824.0,Honda Accord 2018 кронштейн заднего бампера левый,5.0, ,6.0,8,71598-TVA-A01
14825.0,Honda Accord 2018 кронштейн заднего бампера правый,4.0, ,6.0,8,71593-TVA-A01
14173.0,Honda Accord 2018 кронштейн переднего бампера левый,3.0, ,2.5,5,71198-TVA-A01
14172.0,Honda Accord 2018 молдинг накладка фары правая,1.0, ,11.8,20,71162TVAA01
14177.0,Honda Accord 2018 накладка панели замка капота,5.0, ,9.0,25,71125-TVA-A00
14169.0,Honda Accord 2018 накладка туманки левая,12.0, ,4.0,11,71107-TVA-A10
14170.0,Honda Accord 2018 накладка туманки правая,9.0, ,4.0,11,71102-TVA-A10
14167.0,Honda Accord 2018 противотуманка левая,17.0, ,37.0,41,33950TVAA01
14168.0,Honda Accord 2018 противотуманка правая,13.0, ,37.0,41,33900TVAA01
13609.0,Honda Accord 2018 хром молдинг решетки радиатора центральный,10.0, ,24.0,50,71122TVAA11
14806.0,Honda HR-V 2019 Телевизор установочная панель,10.0, ,64.0,110,60400T7WA50ZZ
14809.0,Honda HR-V 2019 Усилитель передний,5.0, ,26.0,100,71130-T7W-A00ZZ
14755.0,Honda HR-V 2019 бампер задний,16.0, ,41.0,100,
14759.0,Honda HR-V 2019 бачок омывателя,10.0, ,11.0,45,76841T7WA11
14758.0,Honda HR-V 2019 бачок расширительный,20.0, ,12.0,40,
14887.0,Honda HR-V 2019 кронштейн туманки L,4.0, ,2.2,,
14888.0,Honda HR-V 2019 кронштейн туманки R,4.0, ,2.2,,
14765.0,Honda HR-V 2019 кронштейн фары левый,2.0, ,4.0,15,
14764.0,Honda HR-V 2019 кронштейн фары правый,1.0, ,4.0,15,
14731.0,Honda HR-V 2019 крыло левое,3.0, ,42.504,60,60261T7J305ZZ
14718.0,Honda HR-V 2019 крыло правое,9.0, ,47.0,60,60211T7J305ZZ
14750.0,Honda HR-V 2019 молдинг фары левый,4.0, ,6.0,30,71168T7AJ51
14751.0,Honda HR-V 2019 молдинг фары правый,3.0, ,6.0,30,
14756.0,Honda HR-V 2019 накладка туманки левая,3.0, ,5.0,15,71106T7AJ20
14757.0,Honda HR-V 2019 накладка туманки правая,3.0, ,5.0,15,71105T7AJ20
14739.0,Honda HR-V 2019 противотуманка левая,3.0, ,38.0,50,
14738.0,Honda HR-V 2019 противотуманка правая,4.0, ,38.0,50,
14763.0,Honda HR-V 2019 расширитель крыла задний левый,17.0, ,14.0,25,74450T7WA31
14762.0,Honda HR-V 2019 расширитель крыла задний правый,15.0, ,14.0,25,74410T7WA31
14761.0,Honda HR-V 2019 расширитель крыла передний левый,6.0, ,14.0,25,74157T7WA31
14760.0,Honda HR-V 2019 расширитель крыла передний правый,10.0, ,14.0,25,74107T7WA31
14705.0,Honda HR-V 2019 фара передняя левая Full Led,2.0, ,445.28,500,33150T7AG51
14704.0,Honda HR-V 2019 фара передняя правая Full Led,2.0, ,445.28,500,33100T7AG51
14354.0,Hyundai Elantra 2016 задняя панель,5.0, ,50.82,68,69100F2000
14271.0,Hyundai Elantra 2016 кронштейн (Г) переднего бампера L,9.0, ,1.82,7,86553F2000
14272.0,Hyundai Elantra 2016 кронштейн (Г) переднего бампера R,8.0, ,1.82,7,86554F2000
14275.0,Hyundai Elantra 2016 кронштейн заднего бампера L,6.0, ,3.45,7,86613F3000
14276.0,Hyundai Elantra 2016 кронштейн заднего бампера R,7.0, ,3.45,7,86614F3000
14273.0,Hyundai Elantra 2016 кронштейн переднего бампера L,5.0, ,5.08,9,86513F2000
14274.0,Hyundai Elantra 2016 кронштейн переднего бампера R,6.0, ,5.08,9,86514F2000
14352.0,Hyundai Elantra 2016 крыло переднее левое,4.0, ,32.67,40,66310F2000
14353.0,Hyundai Elantra 2016 крыло переднее правое,3.0, ,32.67,40,66320F2000
14267.0,Hyundai Elantra 2016 накладка панели замка капота,4.0, ,8.17,22,86356F3000
14279.0,Hyundai Elantra 2016 отражатель заднего бампера L,1.0, ,2.72,9,92405F2000
14280.0,Hyundai Elantra 2016 отражатель заднего бампера R,2.0, ,2.72,9,92406F2000
14269.0,Hyundai Elantra 2016 подкрылок левый,2.0, ,10.28,20,86811F3000
14270.0,Hyundai Elantra 2016 подкрылок правый,1.0, ,10.28,20,86812F3000
14313.0,Hyundai Elantra 2016 фонарь задний внешний правый,1.0, ,29.04,50,92402F3000
15281.0,Hyundai Ioniq капот,1.0, ,284.64,,
14405.0,Hyundai Sonata 2018 LIMITED капот,2.0, ,127.42,170,66400C2500
14256.0,Hyundai Sonata 2018 LIMITED кронштейн переднего бампера L,14.0, ,5.45,10,86513C1000
14257.0,Hyundai Sonata 2018 LIMITED кронштейн переднего бампера R,13.0, ,5.45,10,86514C1000
14407.0,Hyundai Sonata 2018 LIMITED крыло правое,5.0, ,46.24,55,66321C2700
14317.0,Hyundai Sonata 2018 LIMITED противотуманка левая,4.0, ,6.35,20,
14316.0,Hyundai Sonata 2018 LIMITED противотуманка правая,3.0, ,6.35,20,
14253.0,Hyundai Sonata 2018 LIMITED решетка бампера,3.0, ,9.44,15,86561C2AA0
14247.0,Hyundai Sonata 2018 SPORT кронштейн переднего бампера L,2.0, ,2.54,7,
14248.0,Hyundai Sonata 2018 SPORT кронштейн переднего бампера R,3.0, ,2.54,7,
14492.0,Hyundai Sonata 2018 фара левая,1.0, ,90.75,,92101C2000
14545.0,Hyundai Sonata 2018 фонарь внутренний левый,4.0, ,57.36,,
14546.0,Hyundai Sonata 2018 фонарь внутренний правый,4.0, ,57.36,,
14543.0,Hyundai Sonata 2018 фонарь наружный левый,4.0, ,71.7,90,92401-C2000
14544.0,Hyundai Sonata 2018 фонарь наружный правый,3.0, ,71.7,90,92402-C2000
14077.0,Jeep Cherokee KL 2014 Клык бампера задний левый,2.0, ,15.4,20,5NJ91TZZAC
14076.0,Jeep Cherokee KL 2014 Клык бампера задний правый,3.0, ,15.4,20,5NJ90TZZAC
14079.0,Jeep Cherokee KL 2014 Кронштейн бампера задний левый,3.0, ,3.63,8,68138415ab
14078.0,Jeep Cherokee KL 2014 Кронштейн бампера задний правый,3.0, ,3.63,8,68138414ab
14083.0,Jeep Compass 2011 Бампер задний верхняя часть,1.0, ,64.515,80,68109898AC
14097.0,Jeep Compass 2017 Кронштейн бампера задний левый,2.0, ,7.205,10,68244465AA
14098.0,Jeep Compass 2017 Кронштейн бампера задний правый,2.0, ,7.205,10,68244465AA
14072.0,Jeep Renegade 2014 Защита днища левая,1.0, ,30.36,45,68246950AA
14071.0,Jeep Renegade 2014 Защита днища правая,1.0, ,30.36,45,68246949AA
14074.0,Jeep Renegade 2014 Фонарь задний левый sport,1.0, ,57.585,50,68346456АА
14073.0,Jeep Renegade 2014 Фонарь задний правый sport,2.0, ,57.585,50,68346458АА
15282.0,Kia Niro 2018 капот,1.0, ,271.36,,
14065.0,Kia Optima K5 2016-2018 Решетка бампера левая SX,1.0, ,55.0,30,86567d4200
14064.0,Kia Optima K5 2016-2018 Решетка бампера правая SX,1.0, ,55.0,70,86568d4200
14063.0,Kia Optima K5 2016-2018 Решетка радиатора SX,1.0, ,30.36,65,86350-D5020
14410.0,Kia Optima K5 2016-2018 бампер задний,3.0, ,55.12,85,86611D5000
14409.0,Kia Optima K5 2016-2018 губа переднего бампера,1.0, ,12.33,,86591-D6100
14408.0,Kia Optima K5 2016-2018 губа переднего бампера SX,5.0, ,12.33,30,86591-D6400
14420.0,Kia Optima K5 2016-2018 защита бампера двигателя,2.0, ,22.05,45,"29110-D6000
"
14414.0,Kia Optima K5 2016-2018 кронштейн заднего бампера левый,1.0, ,5.14,10,86613D5000
14416.0,Kia Optima K5 2016-2018 кронштейн переднего бампера левый,10.0, ,4.24,15,86513D4000
14417.0,Kia Optima K5 2016-2018 кронштейн переднего бампера правый,4.0, ,4.24,15,86514D4000
14421.0,Kia Optima K5 2016-2018 накладка замка капота,6.0, ,20.55,40,"86360D5000
"
14512.0,Kia Optima K5 2016-2018 накладка туманки левая,19.0, ,12.71,20,
14551.0,Kia Optima K5 2016-2018 накладка туманки левая k5-16-024,4.0, ,3.586,12,
14555.0,Kia Optima K5 2016-2018 накладка туманки левая k5-16-030,9.0, ,3.586,12,
14513.0,Kia Optima K5 2016-2018 накладка туманки правая,22.0, ,12.71,20,
14552.0,Kia Optima K5 2016-2018 накладка туманки правая k5-16-024,6.0, ,3.586,12,
14556.0,Kia Optima K5 2016-2018 накладка туманки правая k5-16-030,9.0, ,3.586,12,
14424.0,Kia Optima K5 2016-2018 накладка хром крыла левый,3.0, ,5.14,15,87771D4000
14425.0,Kia Optima K5 2016-2018 накладка хром крыла правый,3.0, ,5.14,15,87772D4000
14553.0,Kia Optima K5 2016-2018 отражатель катафот заднего бампера L,4.0, ,5.379,15,
14554.0,Kia Optima K5 2016-2018 отражатель катафот заднего бампера R,4.0, ,5.379,15,
14426.0,Kia Optima K5 2016-2018 панель заднего бампера k5-16-035,9.0, ,26.72,50,"86612-D6010
"
14429.0,Kia Optima K5 2016-2018 противотуманка LED левая,1.0, ,51.38,65,"92202-D41
"
14430.0,Kia Optima K5 2016-2018 противотуманка LED правая,1.0, ,51.38,65,"92202-D41
"
14550.0,Kia Optima K5 2016-2018 решетка бампера k5-16-022,9.0, ,30.481,50,
14434.0,Kia Optima K5 2016-2018 решетка бампера без туманок,6.0, ,27.13,50,"36560-D4020
"
14433.0,Kia Optima K5 2016-2018 решетка бампера под туманки,5.0, ,31.85,30,"86560-D4000
"
14435.0,Kia Optima K5 2016-2018 решетка переднего бампера левая SX,7.0, ,13.36,30,86567d4200
14436.0,Kia Optima K5 2016-2018 решетка переднего бампера правая SX,7.0, ,13.36,30,86568d4200
14431.0,Kia Optima K5 2016-2018 решетка радиатора,3.0, ,42.13,120,"86351-D6010
"
14432.0,Kia Optima K5 2016-2018 решетка радиатора SX,1.0, ,42.13,65,"86351-D6410
"
14506.0,Kia Optima K5 2016-2018 решетка радиатора Sport,1.0, ,45.38,63,86350-D5010
14300.0,Kia Optima K5 2016-2018 фара передняя правая,3.0, ,110.0,130,92102-D4140
14508.0,Kia Optima K5 2016-2018 фонарь заднего бампера левый,3.0, ,21.78,30,
14509.0,Kia Optima K5 2016-2018 фонарь заднего бампера правый,6.0, ,21.78,30,
14510.0,Kia Optima K5 2016-2018 хром бампера левый,4.0, ,9.08,16,86563D4000
14511.0,Kia Optima K5 2016-2018 хром бампера правый,3.0, ,9.08,16,86564D4000
14297.0,Kia Optima K5 2018-2020 бампер передний,1.0, ,46.71,100,86511-D4500
14292.0,Kia Optima K5 2018-2020 губа переднего бампера,4.0, ,9.08,20,86591-D5000
14305.0,Kia Optima K5 2018-2020 дневной ходовой огонь DRL левый,1.0, ,59.9,60,92201-d4600
14306.0,Kia Optima K5 2018-2020 дневной ходовой огонь DRL правый,2.0, ,59.9,60,92202-d4600
14295.0,Kia Optima K5 2018-2020 крепление заднего бампера,4.0, ,27.23,48,86631-d4500
14294.0,Kia Optima K5 2018-2020 накладка панели замка капота,6.0, ,21.78,26,86360-D4500
14290.0,Kia Optima K5 2018-2020 накладка туманки левая,5.0, ,7.26,17,86593-d4500
14291.0,Kia Optima K5 2018-2020 накладка туманки правая,2.0, ,7.26,17,86594-d4500
14293.0,Kia Optima K5 2018-2020 решетка переднего бампера,6.0, ,21.78,22,86561-d4500
14296.0,Kia Optima K5 2018-2020 решетка радиатора,4.0, ,39.93,60,86350D5500
14301.0,Kia Optima K5 2018-2020 фонарь задний внешний левый,3.0, ,54.45,80,92401D5000
14303.0,Kia Optima K5 2018-2020 фонарь задний внутренний левый,9.0, ,28.83,50,92404-D4230
14304.0,Kia Optima K5 2018-2020 фонарь задний внутренний правый,9.0, ,28.83,50,92403-D4230
14541.0,Lexus ES 2016 Диффузор с вентиляторами 2.5 Hybrid,2.0, ,72.0,120,1671136120
14542.0,Lexus ES 2016 Диффузор с вентиляторами 3.5,2.0, ,63.0,110,167110p200
13834.0,Lexus NX 2014- Крыло переднее левое,1.0, ,125.4,130,53812-78010
13684.0,Lexus NX 2014- фара левая,1.0, ,151.0,165,81185-78060
13685.0,Lexus NX 2014- фара правая,1.0, ,151.0,180,81145-78060
14322.0,Lexus NX 2018 противотуманка левая,1.0, ,90.5,110,8122078010
14323.0,Lexus NX 2018 противотуманка правая,1.0, ,90.5,110,8122178020
14103.0,Lexus NX 2018- фара левая,2.0, ,229.9,250,8118578180
14548.0,Lexus RX 270 2013 бампер комплектный 2020 Style,1.0, ,750.0,850,
13824.0,Lexus RX 350/470 2016- Капот,3.0, ,305.77,370,
13825.0,Lexus RX 350/470 2016- Крыло переднее левое,3.0, ,117.0,140,
13826.0,Lexus RX 350/470 2016- Крыло переднее правое,3.0, ,117.0,140,
13827.0,Lexus RX 350/470 2016- Усилитель шина переднего бампера,2.0, ,83.6,120,52021-0E080
14567.0,Mazda 3 2017 Бампер задний,16.0, ,49.588,60,BHN150221ABB
14592.0,Mazda 3 2017 Крепление кронштейн радиатора левый,18.0, ,17.71,26,B63B50163
14591.0,Mazda 3 2017 Крепление кронштейн радиатора правый,17.0, ,17.71,26,B63B50153
13844.0,Mazda 3 2017 Накладка планка решетки радиатора верх,11.0, ,13.0,25,B63B-50-033A-27
13839.0,Mazda 3 2017 Фара передняя левая AFS LED,1.0, ,247.94,280,BABF510K0D
13840.0,Mazda 3 2017 Фара передняя правая AFS LED,1.0, ,247.94,280,BABE51030
14707.0,Mazda 3 2017 диффузор с вентиляторами 2.0 AT,2.0, ,64.768,110,
14577.0,Mazda 3 2017 заглушка буксировочного отверстия зад,20.0, ,1.771,10,BANE50A11BB
14578.0,Mazda 3 2017 заглушка переднього бампера,5.0, ,1.771,10,BHN150EK1BB
14723.0,Mazda 3 2017 задняя панель,1.0, ,70.84,100,B4YA7075Z
14579.0,Mazda 3 2017 крепление решетки радиатора,3.0, ,2.6565,10,"B63B50163, B63B50153"
14573.0,Mazda 3 2017 кронштейн крепление заднего бампера L,18.0, ,7.084,10,BHN1502J1A
14574.0,Mazda 3 2017 кронштейн крепление заднего бампера R,18.0, ,7.084,10,BHN1502H1A
14569.0,Mazda 3 2017 кронштейн крепление переднего бампера L,11.0, ,3.542,8,BHN1500U1E
14570.0,Mazda 3 2017 кронштейн крепление переднего бампера R,4.0, ,3.542,8,BHN1500T1F
14588.0,Mazda 3 2017 крыло левое,8.0, ,33.649,50,BJS752211
14589.0,Mazda 3 2017 крыло правое,2.0, ,33.649,50,BJS752111
14193.0,Mazda 3 2017 молдинг туманки левый,1.0, ,5.313,12,BAJC50C22
14194.0,Mazda 3 2017 молдинг туманки правый,3.0, ,5.313,12,BAJC50C12
14191.0,Mazda 3 2017 накладка туманки левая,12.0, ,3.542,10,BAJC50C21A
14192.0,Mazda 3 2017 накладка туманки правая,14.0, ,3.542,10,BAJC50C11A
14575.0,Mazda 3 2017 отражатель катафот заднего бампера L,15.0, ,3.542,11,D350515M0E
14576.0,Mazda 3 2017 отражатель катафот заднего бампера R,15.0, ,3.542,11,D350515L0E
14205.0,Mazda 3 2017 поворотник левый,17.0, ,12.397,25,B63C51360A
14208.0,Mazda 3 2017 противотуманка правая,6.0, ,21.252,60,B63B51680A
14715.0,Mazda 3 2017- радиатор кондиционера 2.0 AT,1.0, ,66.792,100,"GHR161480B, BJS86148"
14714.0,Mazda 3 2017- радиатор основной 2.0 AT,4.0, ,70.84,100,PE181520YA
15268.0,Mazda 3 2020 Ліхтар L,6.0, ,92.03,,
15269.0,Mazda 3 2020 Ліхтар R,2.0, ,92.03,,
14563.0,Mazda 3 2020 Фонарь задний внешний правый,4.0, ,106.26,130,
14560.0,Mazda 3 2020 Фонарь задний внутренний левый,6.0, ,46.046,75,
14561.0,Mazda 3 2020 Фонарь задний внутренний правый,7.0, ,46.046,75,
14021.0,Mazda 3 2020 бампер задний,11.0, ,51.18,90,BCKA50221ABB
14572.0,Mazda 3 2020 заглушка буксировочного отверстия,10.0, ,2.6565,10,
14724.0,Mazda 3 2020 задняя панель,14.0, ,70.84,100,BDYP7075Z
14583.0,Mazda 3 2020 кронштейн крепление заднего бампера R,16.0, ,8.1675,,
14025.0,Mazda 3 2020 крышка багажника,11.0, ,151.8,250,
14581.0,Mazda 3 2020 отражатель катафот заднего бампера L,18.0, ,5.313,15,
14582.0,Mazda 3 2020 отражатель катафот заднего бампера R,14.0, ,5.313,15,
14593.0,Mazda 3 2020 усилитель шина заднего бампера,13.0, ,67.298,80,
13852.0,Mazda 6 2017 Бампер задний,1.0, ,80.52,100,GJR950221ABB
15149.0,Mazda 6 2017 Дифузор,28.0, ,92.2819815017362,130,
13862.0,Mazda 6 2017 Крепление кронштейн бампера переднего L,16.0, ,3.542,10,GHP9500U1C
13863.0,Mazda 6 2017 Крепление кронштейн бампера переднего R,15.0, ,3.542,10,GHP9500T1B
14585.0,Mazda 6 2017 Крепление кронштейн радиатора левый,15.0, ,21.252,30,
14586.0,Mazda 6 2017 Крепление кронштейн радиатора правый,19.0, ,21.252,30,
14721.0,Mazda 6 2017 Крышка багажника,7.0, ,141.68,180,
13860.0,Mazda 6 2017 Накладка панели замка капота,6.0, ,14.168,35,GHP950717D
13856.0,Mazda 6 2017 Накладка рамка противотуманной фары левая,4.0, ,3.542,10,G46L-50-C21A
13857.0,Mazda 6 2017 Накладка рамка противотуманной фары правая,4.0, ,3.542,10,G46L-50-C11A
13858.0,Mazda 6 2017 Накладка хром противотуманной фары левая,1.0, ,5.313,15,G46L-50-C22
14023.0,Mazda 6 2017 крыло левое,4.0, ,44.275,100,BDTS52210
14725.0,Mazda 6 2017 крыло правое,5.0, ,50.6,85,
14716.0,Mazda 6 2017- радиатор основной 2.0 AT,9.0, ,70.84,100,
15146.0,Mazda CX-5 2013 Бампер передній,2.0, ,51.2816722199627,80,
14783.0,Mazda CX-5 2013-2016 Бампер задний,1.0, ,51.0,85,KDY7-50-22XD-9U
14782.0,Mazda CX-5 2013-2016 Дефлектор радиатора верхний,27.0, ,10.0,19,KD53500S0A
14769.0,Mazda CX-5 2013-2016 Зеркало правое,2.0, ,75.0,100,KD5369121E
14805.0,Mazda CX-5 2013-2016 Капот,1.0, ,110.0,160,KDY3-52-31XA
14791.0,Mazda CX-5 2013-2016 Корпус воздушного фильтра,23.0, ,14.0,25,PE01133AY
14774.0,Mazda CX-5 2013-2016 Кронштейн заднего бампера левый,9.0, ,5.0,13,KD5350J1A
14775.0,Mazda CX-5 2013-2016 Кронштейн заднего бампера правый,7.0, ,5.0,13,KD5350H1A
14794.0,Mazda CX-5 2013-2016 Кронштейн переднего бампера левый длинный,2.0, ,4.0,8,KD45-50-163-9U
14772.0,Mazda CX-5 2013-2016 Кронштейн переднего бампера левый короткий,22.0, ,4.0,8,KD45-50-0U1C
14795.0,Mazda CX-5 2013-2016 Кронштейн переднего бампера правый длинный,4.0, ,4.0,8,KD45-50-153-9U
14773.0,Mazda CX-5 2013-2016 Кронштейн переднего бампера правый короткий,19.0, ,4.0,8,KD45-50-0T1C
14802.0,Mazda CX-5 2013-2016 Кронштейн передней панели KD53-52-15Y,9.0, ,17.0,17,KD53-52-15Y
14770.0,Mazda CX-5 2013-2016 Кронштейн туманки левый,29.0, ,2.0,3,KD53-51-694A
14771.0,Mazda CX-5 2013-2016 Кронштейн туманки правый,29.0, ,2.0,3,KD53-51-684A
14803.0,Mazda CX-5 2013-2016 Крыло левое,20.0, ,30.0,60,KD53-52-211A
14804.0,Mazda CX-5 2013-2016 Крыло правое,17.0, ,30.0,60,KD53-52-111A
14785.0,Mazda CX-5 2013-2016 Накладка панели замка капота,24.0, ,7.0,15,KD4550716
14780.0,Mazda CX-5 2013-2016 Панель замка капота,18.0, ,27.0,30,KD53-53-150D
14792.0,Mazda CX-5 2013-2016 Пластик панели замка капота,24.0, ,9.0,17,
14777.0,Mazda CX-5 2013-2016 Подкрылок левый,22.0, ,12.0,25,KD53-56-140E
14778.0,Mazda CX-5 2013-2016 Подкрылок правый,28.0, ,12.0,25,KD53-56-130H
14790.0,Mazda CX-5 2013-2016 Пыльник радиатора,24.0, ,15.0,20,KD53-50-0S0A
14833.0,Mazda CX-5 2013-2016 Расширитель крыла задний левый,4.0, ,10.0,24,KD5351W60C
14834.0,Mazda CX-5 2013-2016 Расширитель крыла задний правый,2.0, ,10.0,24,KD5351W50C
14788.0,Mazda CX-5 2013-2016 Расширитель крыла передний левый,7.0, ,10.0,24,KD5351W30C
14776.0,Mazda CX-5 2013-2016 Резонатор повітряного фільтра,31.0, ,14.0,25,
14808.0,Mazda CX-5 2013-2016 Усилитель задний,6.0, ,40.0,75,KD3550260D
14742.0,Mazda CX-5 2013-2016 Фара передняя левая USA,1.0, ,92.0,120,KJ0151041C
14743.0,Mazda CX-5 2013-2016 Фара передняя правая USA,1.0, ,92.0,120,KJ0151031C
14746.0,Mazda CX-5 2013-2016 Фонарь крышки багажника левый USA,3.0, ,22.0,45,KD53513G0E
14747.0,Mazda CX-5 2013-2016 Фонарь крышки багажника правый USA,4.0, ,22.0,45,KD53513F0E
14798.0,Mazda CX-5 2013-2016 кожух верхний пластиковый большой,28.0, ,4.0,10,
14799.0,Mazda CX-5 2013-2016 кожух замка капота,15.0, ,3.0,10,KD4556381
14793.0,Mazda CX-5 2013-2016 накладка туманки левая,11.0, ,15.0,25,FP4421913
14801.0,Mazda CX-5 2013-2016 накладка туманки правая,12.0, ,15.0,25,FP4421914
14800.0,Mazda CX-5 2013-2016 противотуманка левая,16.0, ,10.5,20,"TK21-51-690A , TK21-"
14921.0,Mazda CX-5 2013-2016 противотуманка правая,15.0, ,10.5,20,
14796.0,Mazda CX-5 2013-2016 туманка задняя левая,5.0, ,11.0,20,KD31515M0
14797.0,Mazda CX-5 2013-2016 туманка задняя правая,5.0, ,11.0,20,KD7751650A
14536.0,Mazda CX-5 2015 кронштейн панели левый,4.0, ,15.25,35,
14537.0,Mazda CX-5 2015 кронштейн панели правый,3.0, ,15.25,35,
15163.0,Mazda CX-5 2017 Арка передня ліва,12.0, ,23.1,35,
15164.0,Mazda CX-5 2017 Арка передня права,8.0, ,23.1,35,
15153.0,Mazda CX-5 2017 Бампер передній,15.0, ,46.68,110,
15155.0,Mazda CX-5 2017 Крило ліве,3.0, ,52.8,100,
15156.0,Mazda CX-5 2017 Крило праве,5.0, ,52.8,100,
15168.0,Mazda CX-5 2017 Кронштейн туманки лівий,12.0, ,5.5,,
15169.0,Mazda CX-5 2017 Кронштейн туманки правий,13.0, ,5.5,,
15162.0,Mazda CX-5 2017 Накладка замка капота,40.0, ,9.9,35,
15166.0,Mazda CX-5 2017 Накладка туманки L,10.0, ,5.5,,
15167.0,Mazda CX-5 2017 Накладка туманки R,13.0, ,5.5,,
15171.0,Mazda CX-5 2017 Накладка туманки глуха L,9.0, ,5.94567055821207,,
15172.0,Mazda CX-5 2017 Накладка туманки глуха R,9.0, ,5.94567055821207,,
15165.0,Mazda CX-5 2017 Продовження капота,26.0, ,8.8,,
15151.0,Mazda CX-5 2017 Підсилювач передній,24.0, ,36.05,70,
15154.0,Mazda CX-5 2017 Решітка радіатора глянець,18.0, ,61.75,150,
15161.0,Mazda CX-5 2017 Сабля,32.0, ,19.8,35,
15150.0,Mazda CX-5 2017 Телевізор,13.0, ,20.02,60,
15279.0,Mazda CX-5 2017 Туманка L,15.0, ,13.09,,
15207.0,Mazda CX-5 2017 Туманка R,9.0, ,13.2,,
15157.0,Mazda CX-5 2017 Фара фул лед афс ліва америка,12.0, ,159.5,240,
15158.0,Mazda CX-5 2017 Фара фул лед афс права америка,15.0, ,159.5,,
15160.0,Mazda CX-5 2017 Фара фул лед афс права європа,5.0, ,147.0,,
15219.0,Mazda CX-5 2017 Хром решітки L,5.0, ,10.0,,
15220.0,Mazda CX-5 2017 Хром решітки R,4.0, ,16.28,,
15159.0,Mazda CX-5 2017 фара фул лед афс ліва європа,5.0, ,147.0,240,
13874.0,Mazda CX-5 2017- Рамка крепление противотуманки L,5.0, ,5.313,15,KD5K-51684-PP-GF33
13875.0,Mazda CX-5 2017- Рамка крепление противотуманки R,1.0, ,5.313,15,KD5K-51684-PP-GF35
14186.0,Mazda CX-5 2017- значок эмблема решетки радиатора,46.0, ,9.7405,20,KB8A50722A
14564.0,Mazda CX-5 2017- значок эмблема решетки радиатора Радар,1.0, ,38.962,50,TK79-51730
15178.0,Mazda CX-5 2022 Арка передня ліва,14.0, ,13.2,50,
15179.0,Mazda CX-5 2022 Арка передня права,13.0, ,13.2,50,
15174.0,Mazda CX-5 2022 Бампер передній,10.0, ,71.96,,
15175.0,Mazda CX-5 2022 Губа переднього бампера,15.0, ,44.46,,
15206.0,Mazda CX-5 2022 Заглушка крюка,14.0, ,1.94,,
15212.0,Mazda CX-5 2022 Капот,12.0, ,143.93,,
15285.0,Mazda CX-5 2022 Ліхтар в кришку L,5.0, ,44.87,,
15286.0,Mazda CX-5 2022 Ліхтар в кришку R,5.0, ,44.87,,
15183.0,Mazda CX-5 2022 Ліхтар задній зовнішній USA L,5.0, ,75.58,150,
15184.0,Mazda CX-5 2022 Ліхтар задній зовнішній USA R,7.0, ,75.58,150,
15210.0,Mazda CX-5 2022 Накладка решітки чорна L,4.0, ,19.8,,
15211.0,Mazda CX-5 2022 Накладка решітки чорна R,5.0, ,19.8,,
15170.0,Mazda CX-5 2022 Продовження капота,13.0, ,26.47,,
15280.0,Mazda CX-5 2022 Підсилювач передній,13.0, ,34.49,,
15176.0,Mazda CX-5 2022 Фара ліва фул лед з афс,10.0, ,199.95,,
15177.0,Mazda CX-5 2022 Фара права фул лед з афс,10.0, ,199.95,,
15180.0,Mazda CX-5 2022 Хром решітки L,17.0, ,18.33,,
15182.0,Mazda CX-5 2022 Хром решітки R,17.0, ,18.33,,
15181.0,Mazda CX-5 2022 решітка радіатора,11.0, ,46.37,,
15251.0,Mazda CX-9 2018 Підсилювач переднього бампера,4.0, ,82.55,,
15250.0,Mazda CX-9 2018 Решітка радіатора,6.0, ,161.55,,
15248.0,Mazda CX-9 2018 Фара L,11.0, ,135.96,,
15249.0,Mazda CX-9 2018 Фара R,10.0, ,135.96,,
13800.0,Mitsubishi ASX 2016- Накладка бампера переднего низ правая,1.0, ,13.376,25,6407A172
13796.0,Mitsubishi ASX 2016- Рамка накладка противотуманной фары правая,1.0, ,6.688,14,8321A718
13806.0,Mitsubishi ASX 2016- Фара передняя левая галоген,1.0, ,75.24,110,8301C223
13804.0,Mitsubishi ASX 2016- Фара передняя левая ксенон,1.0, ,124.23,160,8301C215
14342.0,Mitsubishi ASX 2016- противотуманка левая = правая,7.0, ,15.52,40,
14891.0,Mitsubishi Eclipse 2018 Бампер задний,6.0, ,50.0,80,6410F379
14892.0,Mitsubishi Eclipse 2018 Бампер задний низ,3.0, ,46.0,50,6410D376ZZ
14893.0,Mitsubishi Eclipse 2018 Бампер передний,3.0, ,52.0,95,6400K657
14894.0,Mitsubishi Eclipse 2018 Бачок омывателя,15.0, ,19.0,23,8260A450
14895.0,Mitsubishi Eclipse 2018 Защита переднего бампера,18.0, ,33.0,48,5379A713
14896.0,Mitsubishi Eclipse 2018 Кронштейн заднего бампера L,9.0, ,5.0,8,
14897.0,Mitsubishi Eclipse 2018 Кронштейн заднего бампера R,8.0, ,5.0,8,
14898.0,Mitsubishi Eclipse 2018 Кронштейн переднего бампера L,16.0, ,4.0,8,6400G659
14899.0,Mitsubishi Eclipse 2018 Кронштейн переднего бампера R,7.0, ,4.0,8,6400G660
14900.0,Mitsubishi Eclipse 2018 Кронштейн туманки L,13.0, ,5.0,8,6400H655
14901.0,Mitsubishi Eclipse 2018 Кронштейн туманки R,15.0, ,5.0,8,6400H656
14844.0,Mitsubishi Eclipse 2018 Крыло левое,9.0, ,44.0,90,5220L037
14845.0,Mitsubishi Eclipse 2018 Крыло правое,12.0, ,44.0,90,5220L038
14902.0,Mitsubishi Eclipse 2018 Накладка бампера центральная пластик,3.0, ,50.0,75,6405A334XA
14903.0,Mitsubishi Eclipse 2018 Накладка панели замка капота,16.0, ,19.0,35,7450B049
14904.0,Mitsubishi Eclipse 2018 Подкрылок L,19.0, ,12.0,27,5370B803
14905.0,Mitsubishi Eclipse 2018 Подкрылок R,6.0, ,12.0,27,5370B804
14906.0,Mitsubishi Eclipse 2018 Противотуманка левая,9.0, ,20.0,42,8315A031
14907.0,Mitsubishi Eclipse 2018 Противотуманка правая,3.0, ,20.0,42,8315A032
14908.0,Mitsubishi Eclipse 2018 Решетка радиатора,10.0, ,61.0,85,7450B048
14846.0,Mitsubishi Eclipse 2018 Усилитель переднего бампера,13.0, ,62.0,84,6400H351
14909.0,Mitsubishi Eclipse 2018 Фара LED левая,8.0, ,204.0,220,
14910.0,Mitsubishi Eclipse 2018 Фара LED правая,12.0, ,204.0,220,
14911.0,Mitsubishi Eclipse 2018 Фонарь заднего бампера L,8.0, ,12.0,36,8336A159
14912.0,Mitsubishi Eclipse 2018 Фонарь заднего бампера R,6.0, ,12.0,36,8336A160
14913.0,Mitsubishi Eclipse 2018 Фонарь левый,10.0, ,93.0,120,8330B013
14914.0,Mitsubishi Eclipse 2018 Фонарь правый,10.0, ,93.0,120,8330B014
14915.0,Mitsubishi Eclipse 2018 Хром переднего бампера верх L,2.0, ,15.0,35,6407A245
14916.0,Mitsubishi Eclipse 2018 Хром переднего бампера верх R,2.0, ,15.0,35,6407A246
14917.0,Mitsubishi Eclipse 2018 Хром переднего бампера низ L,5.0, ,11.0,19,6407A247
15123.0,Mitsubishi Outlander 2016 Бампер передній,11.0, ,66.84,,
15143.0,Mitsubishi Outlander 2016 Верхня панель метал,9.0, ,15.56,40,
15122.0,Mitsubishi Outlander 2016 Капот,3.0, ,125.45831235069,180,
15273.0,Mitsubishi Outlander 2016 Накладка птф ліва 2016,2.0, ,6.05,,
15274.0,Mitsubishi Outlander 2016 Накладка птф права 2016,2.0, ,6.05,,
15139.0,Mitsubishi Outlander 2016 Туманка ліва галоген,5.0, ,14.97,,
15140.0,Mitsubishi Outlander 2016 Туманка права галоген,6.0, ,14.97,,
15136.0,Mitsubishi Outlander 2016 Хром верхній лівий,5.0, ,5.37,,
15137.0,Mitsubishi Outlander 2016 Хром верхній правий,5.0, ,5.37,,
15128.0,Mitsubishi Outlander 2016 Хром нижній лівий,6.0, ,7.76,,
15129.0,Mitsubishi Outlander 2016 Хром нижній правий,5.0, ,7.76,,
15126.0,Mitsubishi Outlander 2016 Хром середній лівий,7.0, ,10.65,,
15127.0,Mitsubishi Outlander 2016 хром середній правий,6.0, ,10.65,,
13786.0,Mitsubishi Outlander 2016- Защита двигателя / бампера переднего,13.0, ,23.45057,40,5370B626
13791.0,Mitsubishi Outlander 2016- Накладка бампера переднего нижняя,11.0, ,26.156405,40,6400G470
14727.0,Mitsubishi Outlander 2016- Фара передняя левая ксенон 2 линзы USA,3.0, ,171.3696,200,8301D249
14697.0,Mitsubishi Outlander 2016- бампер задний,31.0, ,68.54782,80,6410D243
13664.0,Mitsubishi Outlander 2016- губа бампера передняя,1.0, ,27.72,35,6405A197
14706.0,Mitsubishi Outlander 2016- диффузор с вентиляторами,1.0, ,71.0,100,1355A266
13663.0,Mitsubishi Outlander 2016- накладка бампера централная глянец,5.0, ,27.05835,40,6400G470
14693.0,Mitsubishi Outlander 2016- накладка заднего бампера низ,34.0, ,27.05835,50,6415A061
14711.0,Mitsubishi Outlander 2016- нижняя панель телевизора,34.0, ,11.132,25,5256B516
14816.0,Mitsubishi Outlander 2016- радиатор кондиционера,14.0, ,62.0,80,7812A220
14698.0,Mitsubishi Outlander 2016- радиатор основной 26мм,7.0, ,57.31,90,1350A602
14695.0,Mitsubishi Outlander 2016- расширительный бачок,33.0, ,21.64668,25,1375A261
14732.0,Mitsubishi Outlander 2016- усилитель шина заднего бампера,40.0, ,40.9,50,6410C519
14689.0,Mitsubishi Outlander 2016- фонарь задний в бампер левый,27.0, ,9.921395,16,8336A153
14690.0,Mitsubishi Outlander 2016- фонарь задний в бампер правый,26.0, ,9.921395,20,8336A154
15270.0,Mitsubishi Outlander 2020 Губа нижня перед. бампера 2020,1.0, ,50.29,,
15275.0,Mitsubishi Outlander 2020 Накладка птф лів 2020,2.0, ,5.79,,
15276.0,Mitsubishi Outlander 2020 Накладка птф права 2020,2.0, ,5.79,,
15271.0,Mitsubishi Outlander 2020 Центральна накладка 2020,2.0, ,41.56,,
14703.0,Mitsubishi Outlander 2020 бампер задний,16.0, ,77.924,80,
14701.0,Mitsubishi Outlander 2020 накладка заднего бампера низ,3.0, ,34.408,50,6415A090HA
13995.0,Nissan Altima 2013 решетка радиатора,2.0, ,31.9,56,623103TA0A
13988.0,Nissan Altima 2020 бампер задний,1.0, ,53.9,100,850226CG0H
13986.0,Nissan Altima 2020 фонарь левый внутренний,1.0, ,35.2,80,265456CA0A
13987.0,Nissan Altima 2020 фонарь правый внутренний,1.0, ,35.2,80,265406CA0A
13985.0,Nissan Altima 2020 фонарь правый наружный,1.0, ,49.5,100,265506CA1A
15188.0,Nissan Qashqai 2019 Бампер передній,14.0, ,46.37,,
15189.0,Nissan Qashqai 2019 Заглушка крюка,16.0, ,1.49,,
15107.0,Nissan Qashqai 2019 Заглушка туманки L,1.0, ,4.16899048933522,,
15108.0,Nissan Qashqai 2019 Заглушка туманки R,6.0, ,4.16899048933522,,
15187.0,Nissan Qashqai 2019 Капот,8.0, ,143.93,250,
15190.0,Nissan Qashqai 2019 Кронштейн туманки лівий,11.0, ,3.87,,
15191.0,Nissan Qashqai 2019 Кронштейн туманки правий,14.0, ,3.87,,
15322.0,Nissan Qashqai 2019 Птічка,15.0, ,20.62,,
15323.0,Nissan Qashqai 2019 Решітка радіатора,15.0, ,39.82,,
15192.0,Nissan Qashqai 2019 Фара L,9.0, ,91.16,,
15193.0,Nissan Qashqai 2019 Фара R,11.0, ,91.16,,
15194.0,Nissan Qashqai 2019 Фара full led L,14.0, ,103.96,,
15195.0,Nissan Qashqai 2019 Фара full led R,12.0, ,103.96,,
14132.0,Nissan Qashqai J11 2017- Накладка решетки радиатора нижняя,3.0, ,27.23,37,62070-hv00a
14135.0,Nissan Qashqai J11 2017- заглушка туманки левая,1.0, ,4.54,15,62257-hv10b
14134.0,Nissan Qashqai J11 2017- кронштейн туманки правый,3.0, ,4.54,15,26910-hv00a
13639.0,Nissan Rogue 2013 хром молдинг переднего бампера,42.0, ,10.0,20,
13763.0,Nissan Rogue 2016-2017 Диффузор с вентиляторами 2.5 AT,1.0, ,50.0,85,214814BA0A
15095.0,Nissan Rogue 2017 Бампер передній,15.0, ,38.69,,
15104.0,Nissan Rogue 2017 Воздуховод перший(великий),18.0, ,17.0897193242881,35,
15204.0,Nissan Rogue 2017 Дифузор,2.0, ,59.4,,
14540.0,Nissan Rogue 2017 Диффузор с вентиляторами 2.0 Hybrid,5.0, ,72.0,,
15278.0,Nissan Rogue 2017 Емблема під дістронік,5.0, ,20.88,,
15101.0,Nissan Rogue 2017 Заглушка крюка,20.0, ,1.1,,
15105.0,Nissan Rogue 2017 Заглушка туманки L,1.0, ,5.26233207018251,15,
15106.0,Nissan Rogue 2017 Заглушка туманки R,1.0, ,5.26233207018251,15,
15094.0,Nissan Rogue 2017 Капот,13.0, ,118.6,180,
15121.0,Nissan Rogue 2017 Комплект птф,15.0, ,24.63,70,
15114.0,Nissan Rogue 2017 Крило праве,3.0, ,53.9,,
15202.0,Nissan Rogue 2017 Накладка радіатора пластик верх,14.0, ,7.06,,
15198.0,Nissan Rogue 2017 Птічка,4.0, ,12.81,,
15097.0,Nissan Rogue 2017 Птічка подіум,15.0, ,9.64,30,
15111.0,Nissan Rogue 2017 Пятак підсилювача переднього лівий,13.0, ,15.4,,
15112.0,Nissan Rogue 2017 Пятак підсилювача переднього правий,13.0, ,15.4,,
15199.0,Nissan Rogue 2017 Підкрилок L,6.0, ,17.6,,
15100.0,Nissan Rogue 2017 Решітка нижня,16.0, ,5.92,,
15197.0,Nissan Rogue 2017 Решітка під дістронік,10.0, ,45.09,,
15096.0,Nissan Rogue 2017 Решітка радіатора під круглий значок,15.0, ,57.31,,
15203.0,Nissan Rogue 2017 Туманка заднього бампера,12.0, ,5.5,,
15109.0,Nissan Rogue 2017 Туманка ліва,6.0, ,11.9615521022918,,
15110.0,Nissan Rogue 2017 Туманка права,4.0, ,11.9615521022918,,
15117.0,Nissan Rogue 2017 Фара ліва галоген,9.0, ,61.4,,
15119.0,Nissan Rogue 2017 Фара ліва фул,15.0, ,126.03,,
15118.0,Nissan Rogue 2017 Фара права галоген,5.0, ,61.4,,
15120.0,Nissan Rogue 2017 Фара права фул,15.0, ,126.03,,
15099.0,Nissan Rogue 2017 Хром заднього бампера,15.0, ,7.34745302720504,,
15098.0,Nissan Rogue 2017 Хром переднього бампера,21.0, ,7.58,,
13922.0,Nissan Rogue 2017- Бампер задний,17.0, ,34.0,90,
14814.0,Nissan Rogue 2017- Бачок омивача,47.0, ,15.0,30,
13756.0,Nissan Rogue 2017- Детали крепления радиатора,55.0, ,40.0,80,625114BC0A
14399.0,Nissan Rogue 2017- Молдинг двери задний левый,101.0, ,9.08,15,
14398.0,Nissan Rogue 2017- Молдинг двери задний правый,99.0, ,9.08,15,
14397.0,Nissan Rogue 2017- Молдинг двери передний левый,100.0, ,9.08,15,
14396.0,Nissan Rogue 2017- Молдинг двери передний правый,95.0, ,9.08,15,
13759.0,Nissan Rogue 2017- Отражатель заднего бампера левый,39.0, ,6.0,20,
13760.0,Nissan Rogue 2017- Отражатель заднего бампера правый,34.0, ,6.0,20,
14108.0,Nissan Rogue 2017- Панель передняя верхняя часть,60.0, ,16.0,45,625114BC0A
13753.0,Nissan Rogue 2017- Передний усилитель шина,14.0, ,23.0,60,62030-6FL0A
14104.0,Nissan Rogue 2017- воздуховод воздушного фильтра-16 5544BA2A,78.0, ,10.0,25,
14377.0,Nissan Rogue 2017- задняя панель,21.0, ,35.0,50,G9110-4BAMA
14156.0,Nissan Rogue 2017- защита радиатора,55.0, ,10.0,20,21579-4BA0A
14107.0,Nissan Rogue 2017- корпус воздушного фильтра,109.0, ,23.0,35,165004BA3B
13749.0,Nissan Rogue 2017- кронштейн заднего бампера L,71.0, ,3.0,10,85221-4BA0A
13750.0,Nissan Rogue 2017- кронштейн заднего бампера R,69.0, ,3.0,10,85220-4BA0A
14149.0,Nissan Rogue 2017- кронштейн передней фары левый,93.0, ,6.0,15,
14150.0,Nissan Rogue 2017- кронштейн передней фары правый,97.0, ,6.0,15,
14106.0,Nissan Rogue 2017- патрубок воздушного фильтра,81.0, ,10.604,20,165544BA2A 165544BA1
13757.0,Nissan Rogue 2017- расширитель крыла задний левый,82.0, ,9.0,20,78861 4CE1A
13758.0,Nissan Rogue 2017- расширитель крыла задний правый,85.0, ,9.0,20,78860 4CE1A
13649.0,Nissan Rogue 2017- расширитель крыла передний правый,4.0, ,9.0,20,63860 4CE1A
14832.0,Nissan Rogue 2017- резонатор,64.0, ,12.0,20,16585-4CL0A
13921.0,Nissan Rogue 2017- решетка радиатора,49.0, ,42.0,50,623106FL0A
14376.0,Nissan Rogue 2017- усилитель шина заднего бампера,59.0, ,35.0,60,850327FL0A
14851.0,Nissan Rogue 2021 Крыло левое алюминий,2.0, ,120.0,180,631016RR0A
14000.0,Nissan Sentra 2013 решетка бампера нижняя,1.0, ,6.6,20,622543SH0A
14114.0,Subaru Forester 2013- противотуманка правая,3.0, ,21.78,40,84501AJ060
14112.0,Subaru Forester 2017- хром бампера левый,2.0, ,10.89,19,57708SG010
14113.0,Subaru Forester 2017- хром бампера правый,2.0, ,10.89,19,57708SG000
13886.0,Subaru Forester 2019 Бампер задний,1.0, ,113.96,130,57704SJ300
13887.0,Subaru Forester 2019 Заглушка заднего бампера под выхлоп,3.0, ,4.18,10,57731SJ010
13888.0,Subaru Forester 2019 Крепление кронштейн бампера заднего L,3.0, ,4.18,10,57707SJ330
13889.0,Subaru Forester 2019 Крепление кронштейн бампера заднего R,3.0, ,4.18,10,57707SJ320
13601.0,Subaru Forester SX 2013- заглушука буксировочного отверстия,1.0, ,2.0,5,57731SG070
13604.0,Subaru Forester SX 2013- молдинг бампера левый,5.0, ,3.81,10,57731SG150
13672.0,Subaru Forester SX 2013- молдинг бампера правый,6.0, ,3.81,10,57731SG140
13914.0,Toyota Camry 70 2018 EUR LE Решетка бампера переднего,1.0, ,33.44,80,53102-06100
13912.0,Toyota Camry 70 2018 LE Бампер передний,5.0, ,50.424,80,52119-0X936
14224.0,Toyota Camry 70 2018 LE решетка радиатора,2.0, ,27.23,70,53101-06E30
13893.0,Toyota Camry 70 2018 Заглушка бампера L,15.0, ,1.82,8,5212833918
13894.0,Toyota Camry 70 2018 Заглушка бампера R,15.0, ,1.82,8,5212733904
13895.0,Toyota Camry 70 2018 Комплект противотуманных фар,1.0, ,33.44,60,
13917.0,Toyota Camry 70 2018 Крепление кронштейн бампера переднего L,3.0, ,3.003,9,52536-06210
13916.0,Toyota Camry 70 2018 Крепление кронштейн бампера переднего R,1.0, ,3.003,9,52535-06210
14360.0,Toyota Camry 70 2018 крыло переднее правое,6.0, ,27.23,50,5380133200
14222.0,Toyota Camry 70 2018 молдинг передней фары правый,1.0, ,3.63,8,52712-06110
13582.0,Toyota Corolla 2015 решетка бампера нижняя,2.0, ,19.8,60,53112-02450
13581.0,Toyota Corolla 2015 решетка радиатора,1.0, ,12.1,40,5311102B00
13590.0,Toyota Corolla 2017 LE комплект противотуманок,1.0, ,50.49,51,8144002020
13588.0,Toyota Corolla 2017 LE решетка бампера нижняя,1.0, ,25.245,25,5311202730
13585.0,Toyota Corolla 2017 LE фара левая,1.0, ,117.81,155,81150-02M70
13595.0,Toyota Corolla 2017 SE решетка бампера нижняя,1.0, ,26.928,60,5311202740
14049.0,Toyota Highlander 2017 Кронштейн накладки ПТФ левый,2.0, ,6.35,15,52040-0E030
14050.0,Toyota Highlander 2017 Кронштейн накладки ПТФ правый,2.0, ,6.35,15,52030-0E030
14223.0,Toyota Highlander 2017 накладка панели замка капота,4.0, ,12.71,45,53295-0E070
14048.0,Toyota Highlander 2017 накладка туманки левая,4.0, ,5.45,20,8122002160
14047.0,Toyota Highlander 2017 накладка туманки правая,4.0, ,5.45,20,8121002160
14539.0,Toyota Highlander 2017 радиатор основной,5.0, ,86.0,149,164000P420
14328.0,Toyota Highlander 2017 фонарь задний L,6.0, ,52.64,85,81560-0E161
14329.0,Toyota Highlander 2017 фонарь задний R,4.0, ,52.64,85,81550-0E161
13619.0,Toyota Highlander 2017- бампер задний,3.0, ,45.38,125,52159-oE911
13620.0,Toyota Highlander 2017- бампер задний нижняя часть,1.0, ,36.3,65,52169-0E070
13622.0,Toyota Highlander 2017- крыло переднее левое,2.0, ,45.441,55,53802-0Е100
13623.0,Toyota Highlander 2017- крыло переднее правое,2.0, ,45.441,55,53801-0Е110
14451.0,Toyota Rav4 2019 Adventure бампер передний,3.0, ,107.43,150,521190R921
14449.0,Toyota Rav4 2019 Adventure губа переднего бампера,2.0, ,47.27,75,
14453.0,Toyota Rav4 2019 Adventure корпус противотуманки левый,2.0, ,7.19,10,52128-0R170
14454.0,Toyota Rav4 2019 Adventure корпус противотуманки правый,2.0, ,7.19,10,52127-0R170
14455.0,Toyota Rav4 2019 Adventure крепление решетки радиатора,2.0, ,31.85,60,53115-0R020
14452.0,Toyota Rav4 2019 Adventure накладка переднего бампера нижняя,3.0, ,51.38,60,53113-0R100
14478.0,Toyota Rav4 2019 Adventure решетка бампера верх,2.0, ,28.77,40,53115-0R020
14459.0,Toyota Rav4 2019 Adventure решетка бампера низ,1.0, ,31.34,45,53112-0R170
14460.0,Toyota Rav4 2019 Adventure решетка радиатора,3.0, ,42.44,60,"53111-0R120
"
14461.0,Toyota Rav4 2019 бампер задний,2.0, ,88.75,90,52159-0R160
14448.0,Toyota Rav4 2019 губа переднего бампера,1.0, ,42.13,90,52411-0R130
14466.0,Toyota Rav4 2019 корпус противотуманки левый,2.0, ,4.11,9,52128-0R160
14468.0,Toyota Rav4 2019 кронштейн заднего бампера большой левый,5.0, ,6.17,10,"52155-0r070
"
14469.0,Toyota Rav4 2019 кронштейн заднего бампера большой правый,5.0, ,6.17,10,"525630r070
"
14470.0,Toyota Rav4 2019 кронштейн заднего бампера короткий левый,1.0, ,5.14,10,"525620r070
"
14471.0,Toyota Rav4 2019 кронштейн заднего бампера короткий правый,4.0, ,5.14,10,
14524.0,Toyota Rav4 2019 крышка багажника алюминий,2.0, ,353.93,400,670050R300
14463.0,Toyota Rav4 2019 накладка переднего бампера нижняя,6.0, ,42.13,45,"52711-0r080B0
"
14476.0,Toyota Rav4 2019 отражатель задний левый,2.0, ,7.19,10,81920-08010
14477.0,Toyota Rav4 2019 отражатель задний правый,1.0, ,7.19,10,81910-08010
14479.0,Toyota Rav4 2019 решетка бампера низ,1.0, ,30.83,35,53112-0R120
14480.0,Toyota Rav4 2019 решетка радиатора,1.0, ,25.69,30,53115-0R010
14489.0,Toyota Rav4 2019 фонарь крышки багажника правый,1.0, ,59.6,64,815800R060
13716.0,VW Jetta 2019 бампер передний,1.0, ,93.0,145,
13723.0,VW Jetta 2019 кронштейн бампера пеедний правый,1.0, ,3.46,8,17A807184
13725.0,VW Jetta 2019 молдинг бампера левый,1.0, ,3.46,8,PVG99075MAL
13726.0,VW Jetta 2019 молдинг бампера правый,1.0, ,3.46,8,
13718.0,VW Jetta 2019 опорный кронштейн левый,1.0, ,6.0,15,
13719.0,VW Jetta 2019 опорный кронштейн правый,1.0, ,6.0,15,
13721.0,VW Jetta 2019 решетка бампера правая,1.0, ,3.46,10,PVG99237CAR
13708.0,VW Passat B8 2016 кронштейн бампера пердний правый,1.0, ,2.0,5,561-807-050
14235.0,VW Passat B8 2016 кронштейн фары металл правый,3.0, ,5.45,8,561805932D
13714.0,VW Passat B8 2016 накладка туманки левая,3.0, ,10.89,30,561854661NRYP
13715.0,VW Passat B8 2016 накладка туманки правая,1.0, ,10.89,30,561854662NRYP
14854.0,VW Passat B8 2016 фонарь крышки багажника правый USA,1.0, ,80.0,90,
15316.0,VW Tiguan 2017 Фара L,20.0, ,78.36,,
15317.0,VW Tiguan 2017 Фара R,20.0, ,78.36,,
